grid_id,date,ndvi,rainfall_mm,temperature_C
1860,2020-06-01,0.1014479418738659,4.9990118955691,27.086272512321955
1861,2020-06-01,0.1102518777807083,4.9990118955691,27.086272512321955
1862,2020-06-01,0.0964152414215339,4.9990118955691,27.086272512321955
1863,2020-06-01,0.0919116878501011,4.9990118955691,27.086272512321955
1864,2020-06-01,0.0825865550590985,4.9990118955691,27.086272512321955
1865,2020-06-01,0.0762211506952015,4.9990118955691,27.086272512321955
1866,2020-06-01,0.0674335753213944,4.9990118955691,27.086272512321955
1867,2020-06-01,0.0612620039247999,4.9990118955691,27.086272512321955
1868,2020-06-01,0.0650367977354043,4.9990118955691,27.086272512321955
1869,2020-06-01,0.0769572928048702,4.9990118955691,27.086272512321955
1870,2020-06-01,0.0848508363729263,4.9990118955691,27.086272512321955
1871,2020-06-01,0.0870298941106618,4.9990118955691,27.086272512321955
1872,2020-06-01,0.0929030006912106,4.9990118955691,27.086272512321955
1873,2020-06-01,0.0866601918496179,4.9990118955691,27.086272512321955
1874,2020-06-01,0.0861526681482357,4.9990118955691,27.086272512321955
1875,2020-06-01,0.0882908697736792,4.9990118955691,27.086272512321955
1876,2020-06-01,0.0843325016778425,4.9990118955691,27.086272512321955
1877,2020-06-01,0.0745527560006033,4.9990118955691,27.086272512321955
1878,2020-06-01,0.0701296924580004,4.9990118955691,27.086272512321955
1879,2020-06-01,0.0683662145693238,4.9990118955691,27.086272512321955
1880,2020-06-01,0.0807022696404521,4.9990118955691,27.086272512321955
1881,2020-06-01,0.0839223912180563,4.9990118955691,27.086272512321955
1882,2020-06-01,0.0877797165003528,4.9990118955691,27.086272512321955
1883,2020-06-01,0.08375229960193,4.9990118955691,27.086272512321955
1884,2020-06-01,0.0859399063666955,4.9990118955691,27.086272512321955
1885,2020-06-01,0.0878339626008473,4.9990118955691,27.086272512321955
1886,2020-06-01,0.088823827110153,4.9990118955691,27.086272512321955
1887,2020-06-01,0.0897395904168071,4.9990118955691,27.086272512321955
1888,2020-06-01,0.0918687801282225,4.9990118955691,27.086272512321955
1889,2020-06-01,0.0979722936632523,4.9990118955691,27.086272512321955
1890,2020-06-01,0.111827756555786,4.9990118955691,27.086272512321955
1891,2020-06-01,0.1212969280286173,4.9990118955691,27.086272512321955
1892,2020-06-01,0.1256650556866466,4.9990118955691,27.086272512321955
1893,2020-06-01,0.1272404562312092,4.9990118955691,27.086272512321955
1894,2020-06-01,0.1148723375759346,4.9990118955691,27.086272512321955
1895,2020-06-01,0.1171021072153442,4.9990118955691,27.086272512321955
1896,2020-06-01,0.111080528176637,4.9990118955691,27.086272512321955
1897,2020-06-01,0.1084671358972738,4.9990118955691,27.086272512321955
1898,2020-06-01,0.1170069040054709,4.9990118955691,27.086272512321955
1899,2020-06-01,0.1227386684511626,4.9990118955691,27.086272512321955
1900,2020-06-01,0.1170663219062539,4.9990118955691,27.086272512321955
1901,2020-06-01,0.1091130524937842,4.9990118955691,27.086272512321955
1902,2020-06-01,0.1047056417205784,4.9990118955691,27.086272512321955
1903,2020-06-01,0.0953097833183457,4.9990118955691,27.086272512321955
1904,2020-06-01,0.1008353441085051,4.9990118955691,27.086272512321955
1905,2020-06-01,0.108335413478185,4.9990118955691,27.086272512321955
1906,2020-06-01,0.1067042643481469,4.9990118955691,27.086272512321955
1907,2020-06-01,0.1082007600825811,4.9990118955691,27.086272512321955
1908,2020-06-01,0.1050160464973573,4.9990118955691,27.086272512321955
1909,2020-06-01,0.1043313642727167,4.9990118955691,27.086272512321955
1910,2020-06-01,0.1064319308247181,4.9990118955691,27.086272512321955
1911,2020-06-01,0.1089914605133885,4.9990118955691,27.086272512321955
1912,2020-06-01,0.1097954798099513,4.9990118955691,27.086272512321955
1913,2020-06-01,0.111131999983201,4.9990118955691,27.086272512321955
1914,2020-06-01,0.1077132496822204,4.9990118955691,27.086272512321955
1915,2020-06-01,0.1038266520938423,4.9990118955691,27.086272512321955
1916,2020-06-01,0.1044209891782582,4.9990118955691,27.086272512321955
1917,2020-06-01,0.1132918702492279,4.9990118955691,27.086272512321955
1918,2020-06-01,0.1142373409291262,4.9990118955691,27.086272512321955
1919,2020-06-01,0.1188479771185707,4.9990118955691,27.086272512321955
1920,2020-06-01,0.1155031766607164,4.9990118955691,27.086272512321955
1921,2020-06-01,0.1143357354776049,4.9990118955691,27.086272512321955
1922,2020-06-01,0.1124277320798361,4.9990118955691,27.086272512321955
1923,2020-06-01,0.1039481917935981,4.9990118955691,27.086272512321955
1924,2020-06-01,0.105870029048523,4.9990118955691,27.086272512321955
1925,2020-06-01,0.1088568996733859,4.9990118955691,27.086272512321955
1926,2020-06-01,0.107852681853431,4.9990118955691,27.086272512321955
1927,2020-06-01,0.1052643719310839,4.9990118955691,27.086272512321955
1928,2020-06-01,0.1005021748978819,4.9990118955691,27.086272512321955
1929,2020-06-01,0.1000996110906149,4.9990118955691,27.086272512321955
1930,2020-06-01,0.0983192010074702,4.9990118955691,27.086272512321955
1931,2020-06-01,0.0998906070982989,4.9990118955691,27.086272512321955
1932,2020-06-01,0.1026376145142783,4.9990118955691,27.086272512321955
1933,2020-06-01,0.106084464419056,4.9990118955691,27.086272512321955
1934,2020-06-01,0.1042385389981552,4.9990118955691,27.086272512321955
1935,2020-06-01,0.1055936669911345,4.9990118955691,27.086272512321955
1936,2020-06-01,0.1040729726063679,4.9990118955691,27.086272512321955
1937,2020-06-01,0.1048116300910409,4.9990118955691,27.086272512321955
1938,2020-06-01,0.1071655835501049,4.9990118955691,27.086272512321955
1939,2020-06-01,0.1064162290085767,4.9990118955691,27.086272512321955
1940,2020-06-01,0.1075849924123846,4.9990118955691,27.086272512321955
1941,2020-06-01,0.1097230670721593,4.9990118955691,27.086272512321955
1942,2020-06-01,0.1123157336098253,4.9990118955691,27.086272512321955
1943,2020-06-01,0.1147469455269508,4.9990118955691,27.086272512321955
1944,2020-06-01,0.1120323686031372,4.9990118955691,27.086272512321955
1945,2020-06-01,0.1144105974057595,4.9990118955691,27.086272512321955
1946,2020-06-01,0.1182746245003278,4.9990118955691,27.086272512321955
1947,2020-06-01,0.116965212662438,4.9990118955691,27.086272512321955
1948,2020-06-01,0.1143435243935064,4.9990118955691,27.086272512321955
1949,2020-06-01,0.118780660686444,4.9990118955691,27.086272512321955
1950,2020-06-01,0.1259994979692862,4.9990118955691,27.086272512321955
1951,2020-06-01,0.1252596911051463,4.9990118955691,27.086272512321955
1952,2020-06-01,0.1208485737331,4.9990118955691,27.086272512321955
1953,2020-06-01,0.1183208607914866,4.9990118955691,27.086272512321955
1954,2020-06-01,0.1198976032421856,4.9990118955691,27.086272512321955
1955,2020-06-01,0.1205780858279104,4.9990118955691,27.086272512321955
1956,2020-06-01,0.1205098571184754,4.9990118955691,27.086272512321955
1957,2020-06-01,0.1228746990676982,4.9990118955691,27.086272512321955
1958,2020-06-01,0.1251731876716869,4.9990118955691,27.086272512321955
1959,2020-06-01,0.1195507278361639,4.9990118955691,27.086272512321955
1960,2020-06-01,0.1208352244516757,4.9990118955691,27.086272512321955
1961,2020-06-01,0.1183194128106089,4.9990118955691,27.086272512321955
1962,2020-06-01,0.1230469356377237,4.9990118955691,27.086272512321955
1963,2020-06-01,0.1268105980728019,4.9990118955691,27.086272512321955
1964,2020-06-01,0.1236062760327523,4.9990118955691,27.086272512321955
1965,2020-06-01,0.1238705782948911,4.9990118955691,27.086272512321955
1966,2020-06-01,0.1312870123521573,4.9990118955691,27.086272512321955
1967,2020-06-01,0.1334210125516456,4.9990118955691,27.086272512321955
1968,2020-06-01,0.1362772337696474,4.9990118955691,27.086272512321955
1969,2020-06-01,0.1348025033095679,4.9990118955691,27.086272512321955
1970,2020-06-01,0.1338425989033502,4.9990118955691,27.086272512321955
1971,2020-06-01,0.128372568198393,4.9990118955691,27.086272512321955
1972,2020-06-01,0.1278968237088824,4.9990118955691,27.086272512321955
1973,2020-06-01,0.1165847258792903,4.9990118955691,27.086272512321955
1974,2020-06-01,0.1047613117324137,4.9990118955691,27.086272512321955
1975,2020-06-01,0.100525010933725,4.9990118955691,27.086272512321955
1976,2020-06-01,0.1026577622913823,4.9990118955691,27.086272512321955
1977,2020-06-01,0.1233753942336186,4.9990118955691,27.086272512321955
1978,2020-06-01,0.1390325469263373,4.9990118955691,27.086272512321955
1979,2020-06-01,0.1523223148092556,4.9990118955691,27.086272512321955
1980,2020-06-01,0.1611971089989457,4.9990118955691,27.086272512321955
1981,2020-06-01,0.1677869664173485,4.9990118955691,27.086272512321955
1982,2020-06-01,0.1581521101982287,4.9990118955691,27.086272512321955
1983,2020-06-01,0.1574665682290375,4.9990118955691,27.086272512321955
1984,2020-06-01,0.1611741586153767,4.9990118955691,27.086272512321955
1985,2020-06-01,0.161175383052143,4.9990118955691,27.086272512321955
1986,2020-06-01,0.159146309807441,4.9990118955691,27.086272512321955
1987,2020-06-01,0.1577710455247493,4.9990118955691,27.086272512321955
1988,2020-06-01,0.1597990352262571,4.9990118955691,27.086272512321955
1989,2020-06-01,0.161135703497653,4.9990118955691,27.086272512321955
1990,2020-06-01,0.1633691003719857,4.9990118955691,27.086272512321955
1991,2020-06-01,0.1582570117767766,4.9990118955691,27.086272512321955
1992,2020-06-01,0.1656766465146093,4.9990118955691,27.086272512321955
1993,2020-06-01,0.1660679796506083,4.9990118955691,27.086272512321955
1994,2020-06-01,0.1710681156045338,4.9990118955691,27.086272512321955
1995,2020-06-01,0.1623754935131797,4.9990118955691,27.086272512321955
1996,2020-06-01,0.1484360515757074,4.9990118955691,27.086272512321955
1997,2020-06-01,0.1494139036377198,4.9990118955691,27.086272512321955
1998,2020-06-01,0.1524022912228202,4.9990118955691,27.086272512321955
1999,2020-06-01,0.1636290908308691,4.9990118955691,27.086272512321955
2000,2020-06-01,0.1682574138053536,4.9990118955691,27.086272512321955
2001,2020-06-01,0.1723064178255183,4.9990118955691,27.086272512321955
2002,2020-06-01,0.1692107003974937,4.9990118955691,27.086272512321955
2003,2020-06-01,0.169408008040988,4.9990118955691,27.086272512321955
2004,2020-06-01,0.1643060421928737,4.9990118955691,27.086272512321955
2005,2020-06-01,0.1718005386908196,4.9990118955691,27.086272512321955
2006,2020-06-01,0.1702061635276734,4.9990118955691,27.086272512321955
2007,2020-06-01,0.1523834665405888,4.9990118955691,27.086272512321955
2008,2020-06-01,0.1442052244649642,4.9990118955691,27.086272512321955
2009,2020-06-01,0.1639099315293371,4.9990118955691,27.086272512321955
2010,2020-06-01,0.1782840976573665,4.9990118955691,27.086272512321955
2011,2020-06-01,0.1940485759747869,4.9990118955691,27.086272512321955
2012,2020-06-01,0.2021422980803325,4.9990118955691,27.086272512321955
2013,2020-06-01,0.2233271981709301,4.9990118955691,27.086272512321955
2014,2020-06-01,0.2386260982195685,4.9990118955691,27.086272512321955
2015,2020-06-01,0.2392706906121373,4.9990118955691,27.086272512321955
2016,2020-06-01,0.1972338824104517,4.9990118955691,27.086272512321955
1860,2020-07-01,0.0631904878890762,7.2915628767494,25.109888892302195
1861,2020-07-01,0.0642461035427719,7.2915628767494,25.109888892302195
1862,2020-07-01,0.053712841648039,7.2915628767494,25.109888892302195
1863,2020-07-01,0.0474322960430423,7.2915628767494,25.109888892302195
1864,2020-07-01,0.0453182354366877,7.2915628767494,25.109888892302195
1865,2020-07-01,0.0460782717693022,7.2915628767494,25.109888892302195
1866,2020-07-01,0.0505991620905464,7.2915628767494,25.109888892302195
1867,2020-07-01,0.0505540114735359,7.2915628767494,25.109888892302195
1868,2020-07-01,0.0573543940025966,7.2915628767494,25.109888892302195
1869,2020-07-01,0.0660669117698298,7.2915628767494,25.109888892302195
1870,2020-07-01,0.0731909266180541,7.2915628767494,25.109888892302195
1871,2020-07-01,0.0811860849497953,7.2915628767494,25.109888892302195
1872,2020-07-01,0.0869769013790908,7.2915628767494,25.109888892302195
1873,2020-07-01,0.0852782602980966,7.2915628767494,25.109888892302195
1874,2020-07-01,0.0849159934091377,7.2915628767494,25.109888892302195
1875,2020-07-01,0.0894506264941701,7.2915628767494,25.109888892302195
1876,2020-07-01,0.085995669865293,7.2915628767494,25.109888892302195
1877,2020-07-01,0.0739927274974837,7.2915628767494,25.109888892302195
1878,2020-07-01,0.072170033718723,7.2915628767494,25.109888892302195
1879,2020-07-01,0.0725596798172435,7.2915628767494,25.109888892302195
1880,2020-07-01,0.0773242955612909,7.2915628767494,25.109888892302195
1881,2020-07-01,0.0828965138939983,7.2915628767494,25.109888892302195
1882,2020-07-01,0.0881531776176712,7.2915628767494,25.109888892302195
1883,2020-07-01,0.0940965315871335,7.2915628767494,25.109888892302195
1884,2020-07-01,0.1013547768267147,7.2915628767494,25.109888892302195
1885,2020-07-01,0.1137713804594789,7.2915628767494,25.109888892302195
1886,2020-07-01,0.1151972919571871,7.2915628767494,25.109888892302195
1887,2020-07-01,0.1184750865458614,7.2915628767494,25.109888892302195
1888,2020-07-01,0.1181470187609155,7.2915628767494,25.109888892302195
1889,2020-07-01,0.1240415482645953,7.2915628767494,25.109888892302195
1890,2020-07-01,0.1329087588695726,7.2915628767494,25.109888892302195
1891,2020-07-01,0.1399802546233434,7.2915628767494,25.109888892302195
1892,2020-07-01,0.1400799892603365,7.2915628767494,25.109888892302195
1893,2020-07-01,0.1321137816218848,7.2915628767494,25.109888892302195
1894,2020-07-01,0.1332343479410594,7.2915628767494,25.109888892302195
1895,2020-07-01,0.1341637679207859,7.2915628767494,25.109888892302195
1896,2020-07-01,0.1293213846085535,7.2915628767494,25.109888892302195
1897,2020-07-01,0.1281046801655292,7.2915628767494,25.109888892302195
1898,2020-07-01,0.1301455365647211,7.2915628767494,25.109888892302195
1899,2020-07-01,0.1339766514096346,7.2915628767494,25.109888892302195
1900,2020-07-01,0.1350381314026791,7.2915628767494,25.109888892302195
1901,2020-07-01,0.139893652098557,7.2915628767494,25.109888892302195
1902,2020-07-01,0.140557269121299,7.2915628767494,25.109888892302195
1903,2020-07-01,0.1396468215769493,7.2915628767494,25.109888892302195
1904,2020-07-01,0.1424315979111833,7.2915628767494,25.109888892302195
1905,2020-07-01,0.1517364123147935,7.2915628767494,25.109888892302195
1906,2020-07-01,0.1581206495648235,7.2915628767494,25.109888892302195
1907,2020-07-01,0.1587991409318864,7.2915628767494,25.109888892302195
1908,2020-07-01,0.1642310409916297,7.2915628767494,25.109888892302195
1909,2020-07-01,0.1677433412928628,7.2915628767494,25.109888892302195
1910,2020-07-01,0.1673912232625078,7.2915628767494,25.109888892302195
1911,2020-07-01,0.1680230607948039,7.2915628767494,25.109888892302195
1912,2020-07-01,0.1686671725458485,7.2915628767494,25.109888892302195
1913,2020-07-01,0.1686401530130078,7.2915628767494,25.109888892302195
1914,2020-07-01,0.1686638925859473,7.2915628767494,25.109888892302195
1915,2020-07-01,0.1642627207275328,7.2915628767494,25.109888892302195
1916,2020-07-01,0.1620311447251653,7.2915628767494,25.109888892302195
1917,2020-07-01,0.1689266857183049,7.2915628767494,25.109888892302195
1918,2020-07-01,0.1708158809759041,7.2915628767494,25.109888892302195
1919,2020-07-01,0.1683181185744811,7.2915628767494,25.109888892302195
1920,2020-07-01,0.1644696659951118,7.2915628767494,25.109888892302195
1921,2020-07-01,0.1638922681099706,7.2915628767494,25.109888892302195
1922,2020-07-01,0.1629795636157303,7.2915628767494,25.109888892302195
1923,2020-07-01,0.1596408873199385,7.2915628767494,25.109888892302195
1924,2020-07-01,0.1591060006417796,7.2915628767494,25.109888892302195
1925,2020-07-01,0.1602309338744475,7.2915628767494,25.109888892302195
1926,2020-07-01,0.1612221356880494,7.2915628767494,25.109888892302195
1927,2020-07-01,0.1636234131284006,7.2915628767494,25.109888892302195
1928,2020-07-01,0.1551085004393765,7.2915628767494,25.109888892302195
1929,2020-07-01,0.1582565830022949,7.2915628767494,25.109888892302195
1930,2020-07-01,0.1565653590502322,7.2915628767494,25.109888892302195
1931,2020-07-01,0.1542860741685568,7.2915628767494,25.109888892302195
1932,2020-07-01,0.1536534621932517,7.2915628767494,25.109888892302195
1933,2020-07-01,0.1564397856171622,7.2915628767494,25.109888892302195
1934,2020-07-01,0.1536721773799154,7.2915628767494,25.109888892302195
1935,2020-07-01,0.1532448595819431,7.2915628767494,25.109888892302195
1936,2020-07-01,0.1557749704906615,7.2915628767494,25.109888892302195
1937,2020-07-01,0.158850182391985,7.2915628767494,25.109888892302195
1938,2020-07-01,0.1618999885791844,7.2915628767494,25.109888892302195
1939,2020-07-01,0.1609398251414911,7.2915628767494,25.109888892302195
1940,2020-07-01,0.1623822628881013,7.2915628767494,25.109888892302195
1941,2020-07-01,0.1624376272930996,7.2915628767494,25.109888892302195
1942,2020-07-01,0.1649624985132619,7.2915628767494,25.109888892302195
1943,2020-07-01,0.1594637180060939,7.2915628767494,25.109888892302195
1944,2020-07-01,0.1541853574630908,7.2915628767494,25.109888892302195
1945,2020-07-01,0.1576482229055192,7.2915628767494,25.109888892302195
1946,2020-07-01,0.1637550879297281,7.2915628767494,25.109888892302195
1947,2020-07-01,0.1702618403683853,7.2915628767494,25.109888892302195
1948,2020-07-01,0.1733333417303934,7.2915628767494,25.109888892302195
1949,2020-07-01,0.1749238310412667,7.2915628767494,25.109888892302195
1950,2020-07-01,0.1853231314376445,7.2915628767494,25.109888892302195
1951,2020-07-01,0.1994096934155662,7.2915628767494,25.109888892302195
1952,2020-07-01,0.1934628239058871,7.2915628767494,25.109888892302195
1953,2020-07-01,0.1969884855669629,7.2915628767494,25.109888892302195
1954,2020-07-01,0.1996880368239242,7.2915628767494,25.109888892302195
1955,2020-07-01,0.2024701663165919,7.2915628767494,25.109888892302195
1956,2020-07-01,0.2031432692619444,7.2915628767494,25.109888892302195
1957,2020-07-01,0.2055376701361423,7.2915628767494,25.109888892302195
1958,2020-07-01,0.2145389172488962,7.2915628767494,25.109888892302195
1959,2020-07-01,0.2122379318845205,7.2915628767494,25.109888892302195
1960,2020-07-01,0.2207560298006961,7.2915628767494,25.109888892302195
1961,2020-07-01,0.2176526584850021,7.2915628767494,25.109888892302195
1962,2020-07-01,0.2202890105625273,7.2915628767494,25.109888892302195
1963,2020-07-01,0.2236928551929947,7.2915628767494,25.109888892302195
1964,2020-07-01,0.2229092465069854,7.2915628767494,25.109888892302195
1965,2020-07-01,0.226195543100814,7.2915628767494,25.109888892302195
1966,2020-07-01,0.2350969227331079,7.2915628767494,25.109888892302195
1967,2020-07-01,0.2466411163526482,7.2915628767494,25.109888892302195
1968,2020-07-01,0.2562153100356387,7.2915628767494,25.109888892302195
1969,2020-07-01,0.2491116825673506,7.2915628767494,25.109888892302195
1970,2020-07-01,0.2483367377146864,7.2915628767494,25.109888892302195
1971,2020-07-01,0.2409092715757689,7.2915628767494,25.109888892302195
1972,2020-07-01,0.2485926173158033,7.2915628767494,25.109888892302195
1973,2020-07-01,0.2292205199750483,7.2915628767494,25.109888892302195
1974,2020-07-01,0.2110127442794533,7.2915628767494,25.109888892302195
1975,2020-07-01,0.2041385122386825,7.2915628767494,25.109888892302195
1976,2020-07-01,0.188351731812111,7.2915628767494,25.109888892302195
1977,2020-07-01,0.1956660016645135,7.2915628767494,25.109888892302195
1978,2020-07-01,0.1934099772032852,7.2915628767494,25.109888892302195
1979,2020-07-01,0.2102511139974985,7.2915628767494,25.109888892302195
1980,2020-07-01,0.2316410339104223,7.2915628767494,25.109888892302195
1981,2020-07-01,0.2396890479403795,7.2915628767494,25.109888892302195
1982,2020-07-01,0.2205605456684331,7.2915628767494,25.109888892302195
1983,2020-07-01,0.2276896375849612,7.2915628767494,25.109888892302195
1984,2020-07-01,0.235211558762004,7.2915628767494,25.109888892302195
1985,2020-07-01,0.2330744330414582,7.2915628767494,25.109888892302195
1986,2020-07-01,0.228166018057202,7.2915628767494,25.109888892302195
1987,2020-07-01,0.2219588716844779,7.2915628767494,25.109888892302195
1988,2020-07-01,0.2208650425682697,7.2915628767494,25.109888892302195
1989,2020-07-01,0.2267837985085317,7.2915628767494,25.109888892302195
1990,2020-07-01,0.2253894107244767,7.2915628767494,25.109888892302195
1991,2020-07-01,0.2141511242830488,7.2915628767494,25.109888892302195
1992,2020-07-01,0.2096479240601731,7.2915628767494,25.109888892302195
1993,2020-07-01,0.2128604991504221,7.2915628767494,25.109888892302195
1994,2020-07-01,0.2176093588898009,7.2915628767494,25.109888892302195
1995,2020-07-01,0.2073923058080862,7.2915628767494,25.109888892302195
1996,2020-07-01,0.1915355173270518,7.2915628767494,25.109888892302195
1997,2020-07-01,0.18320081997004,7.2915628767494,25.109888892302195
1998,2020-07-01,0.1828687247152972,7.2915628767494,25.109888892302195
1999,2020-07-01,0.190250169018826,7.2915628767494,25.109888892302195
2000,2020-07-01,0.1902665891565792,7.2915628767494,25.109888892302195
2001,2020-07-01,0.1731752912886787,7.2915628767494,25.109888892302195
2002,2020-07-01,0.1599298638576891,7.2915628767494,25.109888892302195
2003,2020-07-01,0.1622029344056263,7.2915628767494,25.109888892302195
2004,2020-07-01,0.1620016941391758,7.2915628767494,25.109888892302195
2005,2020-07-01,0.1567540667798765,7.2915628767494,25.109888892302195
2006,2020-07-01,0.1519320327001975,7.2915628767494,25.109888892302195
2007,2020-07-01,0.1721085552372047,7.2915628767494,25.109888892302195
2008,2020-07-01,0.1793338465798158,7.2915628767494,25.109888892302195
2009,2020-07-01,0.184684023837365,7.2915628767494,25.109888892302195
2010,2020-07-01,0.2059166310771159,7.2915628767494,25.109888892302195
2011,2020-07-01,0.2091091390334453,7.2915628767494,25.109888892302195
2012,2020-07-01,0.1983155860181624,7.2915628767494,25.109888892302195
2013,2020-07-01,0.1834629799489751,7.2915628767494,25.109888892302195
2014,2020-07-01,0.1573993778182864,7.2915628767494,25.109888892302195
2015,2020-07-01,0.125099391061861,7.2915628767494,25.109888892302195
2016,2020-07-01,0.1059127402560785,7.2915628767494,25.109888892302195
1860,2020-07-31,0.1481005047095865,8.395209164116201,24.33011221918548
1861,2020-07-31,0.1351233926188871,8.395209164116201,24.33011221918548
1862,2020-07-31,0.1459552246019318,8.395209164116201,24.33011221918548
1863,2020-07-31,0.1292135529555901,8.395209164116201,24.33011221918548
1864,2020-07-31,0.125193657201041,8.395209164116201,24.33011221918548
1865,2020-07-31,0.1249389090553803,8.395209164116201,24.33011221918548
1866,2020-07-31,0.1203284351469251,8.395209164116201,24.33011221918548
1867,2020-07-31,0.1229557230501628,8.395209164116201,24.33011221918548
1868,2020-07-31,0.1191609851399131,8.395209164116201,24.33011221918548
1869,2020-07-31,0.1141193497198295,8.395209164116201,24.33011221918548
1870,2020-07-31,0.1105572934203119,8.395209164116201,24.33011221918548
1871,2020-07-31,0.1087038909354783,8.395209164116201,24.33011221918548
1872,2020-07-31,0.1027062068210106,8.395209164116201,24.33011221918548
1873,2020-07-31,0.1052523039673561,8.395209164116201,24.33011221918548
1874,2020-07-31,0.1145067757872385,8.395209164116201,24.33011221918548
1875,2020-07-31,0.1151919353021603,8.395209164116201,24.33011221918548
1876,2020-07-31,0.1149061456614058,8.395209164116201,24.33011221918548
1877,2020-07-31,0.0970590308158845,8.395209164116201,24.33011221918548
1878,2020-07-31,0.0904809226460515,8.395209164116201,24.33011221918548
1879,2020-07-31,0.0905632814832906,8.395209164116201,24.33011221918548
1880,2020-07-31,0.0869413988708081,8.395209164116201,24.33011221918548
1881,2020-07-31,0.0822851889883576,8.395209164116201,24.33011221918548
1882,2020-07-31,0.0858555576403182,8.395209164116201,24.33011221918548
1883,2020-07-31,0.0870945290520957,8.395209164116201,24.33011221918548
1884,2020-07-31,0.0907258385809542,8.395209164116201,24.33011221918548
1885,2020-07-31,0.0905492140469845,8.395209164116201,24.33011221918548
1886,2020-07-31,0.0839201855171279,8.395209164116201,24.33011221918548
1887,2020-07-31,0.0915197276849035,8.395209164116201,24.33011221918548
1888,2020-07-31,0.0942683006665369,8.395209164116201,24.33011221918548
1889,2020-07-31,0.0882764061975981,8.395209164116201,24.33011221918548
1890,2020-07-31,0.0872736579546274,8.395209164116201,24.33011221918548
1891,2020-07-31,0.0842830333390156,8.395209164116201,24.33011221918548
1892,2020-07-31,0.0845817855680318,8.395209164116201,24.33011221918548
1893,2020-07-31,0.0917182147955295,8.395209164116201,24.33011221918548
1894,2020-07-31,0.0938230109424893,8.395209164116201,24.33011221918548
1895,2020-07-31,0.0929767747050606,8.395209164116201,24.33011221918548
1896,2020-07-31,0.0918271374610912,8.395209164116201,24.33011221918548
1897,2020-07-31,0.0937179697648536,8.395209164116201,24.33011221918548
1898,2020-07-31,0.0942236805659735,8.395209164116201,24.33011221918548
1899,2020-07-31,0.1004339944447515,8.395209164116201,24.33011221918548
1900,2020-07-31,0.0987105491876825,8.395209164116201,24.33011221918548
1901,2020-07-31,0.1021909618158254,8.395209164116201,24.33011221918548
1902,2020-07-31,0.1101055868929181,8.395209164116201,24.33011221918548
1903,2020-07-31,0.1142605883533803,8.395209164116201,24.33011221918548
1904,2020-07-31,0.114595924113981,8.395209164116201,24.33011221918548
1905,2020-07-31,0.1232980339236559,8.395209164116201,24.33011221918548
1906,2020-07-31,0.1285723084483954,8.395209164116201,24.33011221918548
1907,2020-07-31,0.1317268608118227,8.395209164116201,24.33011221918548
1908,2020-07-31,0.1341376004995988,8.395209164116201,24.33011221918548
1909,2020-07-31,0.1311767652341022,8.395209164116201,24.33011221918548
1910,2020-07-31,0.1366129005058018,8.395209164116201,24.33011221918548
1911,2020-07-31,0.1369372393017137,8.395209164116201,24.33011221918548
1912,2020-07-31,0.1387848954221545,8.395209164116201,24.33011221918548
1913,2020-07-31,0.1354368690484345,8.395209164116201,24.33011221918548
1914,2020-07-31,0.1321827483404254,8.395209164116201,24.33011221918548
1915,2020-07-31,0.1328188087504654,8.395209164116201,24.33011221918548
1916,2020-07-31,0.1402101329355691,8.395209164116201,24.33011221918548
1917,2020-07-31,0.1508242560799028,8.395209164116201,24.33011221918548
1918,2020-07-31,0.1500616221274138,8.395209164116201,24.33011221918548
1919,2020-07-31,0.144419952572367,8.395209164116201,24.33011221918548
1920,2020-07-31,0.1420308975532123,8.395209164116201,24.33011221918548
1921,2020-07-31,0.139354623447167,8.395209164116201,24.33011221918548
1922,2020-07-31,0.1374181565467042,8.395209164116201,24.33011221918548
1923,2020-07-31,0.1325427343300187,8.395209164116201,24.33011221918548
1924,2020-07-31,0.1302184872061669,8.395209164116201,24.33011221918548
1925,2020-07-31,0.1295053130644965,8.395209164116201,24.33011221918548
1926,2020-07-31,0.1261513006685862,8.395209164116201,24.33011221918548
1927,2020-07-31,0.1235603306238529,8.395209164116201,24.33011221918548
1928,2020-07-31,0.1229426587098445,8.395209164116201,24.33011221918548
1929,2020-07-31,0.1230482103186234,8.395209164116201,24.33011221918548
1930,2020-07-31,0.1236368787346855,8.395209164116201,24.33011221918548
1931,2020-07-31,0.1261686152416967,8.395209164116201,24.33011221918548
1932,2020-07-31,0.128030092939984,8.395209164116201,24.33011221918548
1933,2020-07-31,0.1192014741105799,8.395209164116201,24.33011221918548
1934,2020-07-31,0.1164735348804164,8.395209164116201,24.33011221918548
1935,2020-07-31,0.1131813828136513,8.395209164116201,24.33011221918548
1936,2020-07-31,0.1154708724320215,8.395209164116201,24.33011221918548
1937,2020-07-31,0.1220020998726452,8.395209164116201,24.33011221918548
1938,2020-07-31,0.1256729467506064,8.395209164116201,24.33011221918548
1939,2020-07-31,0.1297522720241161,8.395209164116201,24.33011221918548
1940,2020-07-31,0.1291977502368931,8.395209164116201,24.33011221918548
1941,2020-07-31,0.1241977023300599,8.395209164116201,24.33011221918548
1942,2020-07-31,0.1261697568273328,8.395209164116201,24.33011221918548
1943,2020-07-31,0.1252357345795657,8.395209164116201,24.33011221918548
1944,2020-07-31,0.1217232032850976,8.395209164116201,24.33011221918548
1945,2020-07-31,0.1247762662730599,8.395209164116201,24.33011221918548
1946,2020-07-31,0.1199770266905174,8.395209164116201,24.33011221918548
1947,2020-07-31,0.1137436029697352,8.395209164116201,24.33011221918548
1948,2020-07-31,0.1060777440278206,8.395209164116201,24.33011221918548
1949,2020-07-31,0.107690329331876,8.395209164116201,24.33011221918548
1950,2020-07-31,0.1151763205550494,8.395209164116201,24.33011221918548
1951,2020-07-31,0.1195614946838153,8.395209164116201,24.33011221918548
1952,2020-07-31,0.1238413184582358,8.395209164116201,24.33011221918548
1953,2020-07-31,0.117517578395771,8.395209164116201,24.33011221918548
1954,2020-07-31,0.1172564122923005,8.395209164116201,24.33011221918548
1955,2020-07-31,0.1187303274992222,8.395209164116201,24.33011221918548
1956,2020-07-31,0.1273771954014591,8.395209164116201,24.33011221918548
1957,2020-07-31,0.1264580440915761,8.395209164116201,24.33011221918548
1958,2020-07-31,0.1314822952685867,8.395209164116201,24.33011221918548
1959,2020-07-31,0.1289282743650892,8.395209164116201,24.33011221918548
1960,2020-07-31,0.1184160263636957,8.395209164116201,24.33011221918548
1961,2020-07-31,0.1159091052596164,8.395209164116201,24.33011221918548
1962,2020-07-31,0.1124559466081835,8.395209164116201,24.33011221918548
1963,2020-07-31,0.1099642199094496,8.395209164116201,24.33011221918548
1964,2020-07-31,0.1137352577822586,8.395209164116201,24.33011221918548
1965,2020-07-31,0.1086241592202907,8.395209164116201,24.33011221918548
1966,2020-07-31,0.1101827066213586,8.395209164116201,24.33011221918548
1967,2020-07-31,0.1127868376740575,8.395209164116201,24.33011221918548
1968,2020-07-31,0.1041722261129749,8.395209164116201,24.33011221918548
1969,2020-07-31,0.1009171976439441,8.395209164116201,24.33011221918548
1970,2020-07-31,0.0996718580190738,8.395209164116201,24.33011221918548
1971,2020-07-31,0.0936403779484697,8.395209164116201,24.33011221918548
1972,2020-07-31,0.0930453598512138,8.395209164116201,24.33011221918548
1973,2020-07-31,0.0849958711887381,8.395209164116201,24.33011221918548
1974,2020-07-31,0.0741417539441379,8.395209164116201,24.33011221918548
1975,2020-07-31,0.0678880259809158,8.395209164116201,24.33011221918548
1976,2020-07-31,0.0685667966281119,8.395209164116201,24.33011221918548
1977,2020-07-31,0.0754276467683787,8.395209164116201,24.33011221918548
1978,2020-07-31,0.0744904772390684,8.395209164116201,24.33011221918548
1979,2020-07-31,0.0713523152611663,8.395209164116201,24.33011221918548
1980,2020-07-31,0.0796171154448541,8.395209164116201,24.33011221918548
1981,2020-07-31,0.0773480922025868,8.395209164116201,24.33011221918548
1982,2020-07-31,0.0731684711536055,8.395209164116201,24.33011221918548
1983,2020-07-31,0.0750008363760922,8.395209164116201,24.33011221918548
1984,2020-07-31,0.0749760628881801,8.395209164116201,24.33011221918548
1985,2020-07-31,0.0666416013687938,8.395209164116201,24.33011221918548
1986,2020-07-31,0.0675882470110705,8.395209164116201,24.33011221918548
1987,2020-07-31,0.0606129104960384,8.395209164116201,24.33011221918548
1988,2020-07-31,0.0649999244332632,8.395209164116201,24.33011221918548
1989,2020-07-31,0.0624765459604501,8.395209164116201,24.33011221918548
1990,2020-07-31,0.0514228431082796,8.395209164116201,24.33011221918548
1991,2020-07-31,0.0440758724561642,8.395209164116201,24.33011221918548
1992,2020-07-31,0.0418945213585894,8.395209164116201,24.33011221918548
1993,2020-07-31,0.0428851953474396,8.395209164116201,24.33011221918548
1994,2020-07-31,0.0480385511771335,8.395209164116201,24.33011221918548
1995,2020-07-31,0.0460261804972783,8.395209164116201,24.33011221918548
1996,2020-07-31,0.0348326875079119,8.395209164116201,24.33011221918548
1997,2020-07-31,0.027083673460047,8.395209164116201,24.33011221918548
1998,2020-07-31,0.0243393567893428,8.395209164116201,24.33011221918548
1999,2020-07-31,0.0260590533598255,8.395209164116201,24.33011221918548
2000,2020-07-31,0.0290278728598145,8.395209164116201,24.33011221918548
2001,2020-07-31,0.0271425643728487,8.395209164116201,24.33011221918548
2002,2020-07-31,0.0223810234928436,8.395209164116201,24.33011221918548
2003,2020-07-31,0.0152842209741753,8.395209164116201,24.33011221918548
2004,2020-07-31,0.0053798262856804,8.395209164116201,24.33011221918548
2005,2020-07-31,0.0111612454873298,8.395209164116201,24.33011221918548
2006,2020-07-31,0.0043820664760216,8.395209164116201,24.33011221918548
2007,2020-07-31,0.0051790834085168,8.395209164116201,24.33011221918548
2008,2020-07-31,0.0109751779027682,8.395209164116201,24.33011221918548
2009,2020-07-31,0.0059520168534083,8.395209164116201,24.33011221918548
2010,2020-07-31,0.0087681539952019,8.395209164116201,24.33011221918548
2011,2020-07-31,0.0089199808756306,8.395209164116201,24.33011221918548
2012,2020-07-31,0.0122512561231537,8.395209164116201,24.33011221918548
2013,2020-07-31,0.0020077112093089,8.395209164116201,24.33011221918548
2014,2020-07-31,0.0057224400222763,8.395209164116201,24.33011221918548
2015,2020-07-31,0.0103013166531823,8.395209164116201,24.33011221918548
2016,2020-07-31,-0.0009388118841815688,8.395209164116201,24.33011221918548
1860,2020-08-30,0.2209081521520423,5.817531755861999,24.94064811544655
1861,2020-08-30,0.2051746229425254,5.817531755861999,24.94064811544655
1862,2020-08-30,0.2569180967357907,5.817531755861999,24.94064811544655
1863,2020-08-30,0.2880995576709894,5.817531755861999,24.94064811544655
1864,2020-08-30,0.3014915428560336,5.817531755861999,24.94064811544655
1865,2020-08-30,0.2730803647089618,5.817531755861999,24.94064811544655
1866,2020-08-30,0.2639177734285917,5.817531755861999,24.94064811544655
1867,2020-08-30,0.2597960678839732,5.817531755861999,24.94064811544655
1868,2020-08-30,0.2492493681040624,5.817531755861999,24.94064811544655
1869,2020-08-30,0.2227184408661997,5.817531755861999,24.94064811544655
1870,2020-08-30,0.1905555048384473,5.817531755861999,24.94064811544655
1871,2020-08-30,0.1928512229758349,5.817531755861999,24.94064811544655
1872,2020-08-30,0.1862609944732741,5.817531755861999,24.94064811544655
1873,2020-08-30,0.1997664727127758,5.817531755861999,24.94064811544655
1874,2020-08-30,0.1983248938545651,5.817531755861999,24.94064811544655
1875,2020-08-30,0.1967192990072662,5.817531755861999,24.94064811544655
1876,2020-08-30,0.1925438845182847,5.817531755861999,24.94064811544655
1877,2020-08-30,0.1781986844432056,5.817531755861999,24.94064811544655
1878,2020-08-30,0.1638628741890386,5.817531755861999,24.94064811544655
1879,2020-08-30,0.158129165759558,5.817531755861999,24.94064811544655
1880,2020-08-30,0.1493840340984625,5.817531755861999,24.94064811544655
1881,2020-08-30,0.1387352457066724,5.817531755861999,24.94064811544655
1882,2020-08-30,0.1602765343240227,5.817531755861999,24.94064811544655
1883,2020-08-30,0.1748814393316918,5.817531755861999,24.94064811544655
1884,2020-08-30,0.1770651703219718,5.817531755861999,24.94064811544655
1885,2020-08-30,0.1725633230933697,5.817531755861999,24.94064811544655
1886,2020-08-30,0.163450116705974,5.817531755861999,24.94064811544655
1887,2020-08-30,0.1752024026739103,5.817531755861999,24.94064811544655
1888,2020-08-30,0.1933384255469685,5.817531755861999,24.94064811544655
1889,2020-08-30,0.191591055708071,5.817531755861999,24.94064811544655
1890,2020-08-30,0.2038985262275572,5.817531755861999,24.94064811544655
1891,2020-08-30,0.2110951578407109,5.817531755861999,24.94064811544655
1892,2020-08-30,0.211756262900575,5.817531755861999,24.94064811544655
1893,2020-08-30,0.2111059406727908,5.817531755861999,24.94064811544655
1894,2020-08-30,0.2099593273946106,5.817531755861999,24.94064811544655
1895,2020-08-30,0.2148596638155238,5.817531755861999,24.94064811544655
1896,2020-08-30,0.2255853485782637,5.817531755861999,24.94064811544655
1897,2020-08-30,0.2356674973705244,5.817531755861999,24.94064811544655
1898,2020-08-30,0.2498272123723567,5.817531755861999,24.94064811544655
1899,2020-08-30,0.2553583430542236,5.817531755861999,24.94064811544655
1900,2020-08-30,0.2589825749935565,5.817531755861999,24.94064811544655
1901,2020-08-30,0.2526241996919794,5.817531755861999,24.94064811544655
1902,2020-08-30,0.2617588869580357,5.817531755861999,24.94064811544655
1903,2020-08-30,0.2685964868596808,5.817531755861999,24.94064811544655
1904,2020-08-30,0.2757163425623974,5.817531755861999,24.94064811544655
1905,2020-08-30,0.2795254397098152,5.817531755861999,24.94064811544655
1906,2020-08-30,0.2822565713767361,5.817531755861999,24.94064811544655
1907,2020-08-30,0.2817433938666449,5.817531755861999,24.94064811544655
1908,2020-08-30,0.2914936753305183,5.817531755861999,24.94064811544655
1909,2020-08-30,0.2978742989946693,5.817531755861999,24.94064811544655
1910,2020-08-30,0.304155510918537,5.817531755861999,24.94064811544655
1911,2020-08-30,0.3009946934904772,5.817531755861999,24.94064811544655
1912,2020-08-30,0.2940301989285318,5.817531755861999,24.94064811544655
1913,2020-08-30,0.2728088524401453,5.817531755861999,24.94064811544655
1914,2020-08-30,0.2641001242631122,5.817531755861999,24.94064811544655
1915,2020-08-30,0.275060108126166,5.817531755861999,24.94064811544655
1916,2020-08-30,0.2716854897511488,5.817531755861999,24.94064811544655
1917,2020-08-30,0.2772775117323152,5.817531755861999,24.94064811544655
1918,2020-08-30,0.2825950806254447,5.817531755861999,24.94064811544655
1919,2020-08-30,0.2803951843359891,5.817531755861999,24.94064811544655
1920,2020-08-30,0.2734604923325351,5.817531755861999,24.94064811544655
1921,2020-08-30,0.2674392027759034,5.817531755861999,24.94064811544655
1922,2020-08-30,0.2669860791805868,5.817531755861999,24.94064811544655
1923,2020-08-30,0.2667693095060882,5.817531755861999,24.94064811544655
1924,2020-08-30,0.2628192056127914,5.817531755861999,24.94064811544655
1925,2020-08-30,0.2536695639509532,5.817531755861999,24.94064811544655
1926,2020-08-30,0.2512545614157598,5.817531755861999,24.94064811544655
1927,2020-08-30,0.249251960361644,5.817531755861999,24.94064811544655
1928,2020-08-30,0.2445613935487648,5.817531755861999,24.94064811544655
1929,2020-08-30,0.2426493094110243,5.817531755861999,24.94064811544655
1930,2020-08-30,0.2413744691823514,5.817531755861999,24.94064811544655
1931,2020-08-30,0.2426602790145115,5.817531755861999,24.94064811544655
1932,2020-08-30,0.2444050089568834,5.817531755861999,24.94064811544655
1933,2020-08-30,0.2430388750697222,5.817531755861999,24.94064811544655
1934,2020-08-30,0.2407365070955016,5.817531755861999,24.94064811544655
1935,2020-08-30,0.2397072570553143,5.817531755861999,24.94064811544655
1936,2020-08-30,0.2426075275488274,5.817531755861999,24.94064811544655
1937,2020-08-30,0.2459289606831284,5.817531755861999,24.94064811544655
1938,2020-08-30,0.2464188819843398,5.817531755861999,24.94064811544655
1939,2020-08-30,0.2483821471824678,5.817531755861999,24.94064811544655
1940,2020-08-30,0.249928593416158,5.817531755861999,24.94064811544655
1941,2020-08-30,0.2454366108889374,5.817531755861999,24.94064811544655
1942,2020-08-30,0.2412053334291183,5.817531755861999,24.94064811544655
1943,2020-08-30,0.2345729334010971,5.817531755861999,24.94064811544655
1944,2020-08-30,0.2273361590670927,5.817531755861999,24.94064811544655
1945,2020-08-30,0.2309186295888623,5.817531755861999,24.94064811544655
1946,2020-08-30,0.2440083352766388,5.817531755861999,24.94064811544655
1947,2020-08-30,0.2445479232779974,5.817531755861999,24.94064811544655
1948,2020-08-30,0.2349794314402894,5.817531755861999,24.94064811544655
1949,2020-08-30,0.2251572357985267,5.817531755861999,24.94064811544655
1950,2020-08-30,0.2288490670303401,5.817531755861999,24.94064811544655
1951,2020-08-30,0.2343546019018616,5.817531755861999,24.94064811544655
1952,2020-08-30,0.2430450434028321,5.817531755861999,24.94064811544655
1953,2020-08-30,0.2472229422762034,5.817531755861999,24.94064811544655
1954,2020-08-30,0.2511495923868025,5.817531755861999,24.94064811544655
1955,2020-08-30,0.2584999149530804,5.817531755861999,24.94064811544655
1956,2020-08-30,0.2592371764679738,5.817531755861999,24.94064811544655
1957,2020-08-30,0.2604373251399065,5.817531755861999,24.94064811544655
1958,2020-08-30,0.2617468753546862,5.817531755861999,24.94064811544655
1959,2020-08-30,0.2500668178541639,5.817531755861999,24.94064811544655
1960,2020-08-30,0.2411375709749721,5.817531755861999,24.94064811544655
1961,2020-08-30,0.2417654043041754,5.817531755861999,24.94064811544655
1962,2020-08-30,0.2465279342266287,5.817531755861999,24.94064811544655
1963,2020-08-30,0.2439349496343892,5.817531755861999,24.94064811544655
1964,2020-08-30,0.2383824255501412,5.817531755861999,24.94064811544655
1965,2020-08-30,0.2385412245506087,5.817531755861999,24.94064811544655
1966,2020-08-30,0.2487481679988364,5.817531755861999,24.94064811544655
1967,2020-08-30,0.2500295991553697,5.817531755861999,24.94064811544655
1968,2020-08-30,0.2590446221182881,5.817531755861999,24.94064811544655
1969,2020-08-30,0.2613748462727058,5.817531755861999,24.94064811544655
1970,2020-08-30,0.2621253936513417,5.817531755861999,24.94064811544655
1971,2020-08-30,0.2588820216240976,5.817531755861999,24.94064811544655
1972,2020-08-30,0.2590322302044028,5.817531755861999,24.94064811544655
1973,2020-08-30,0.254081385206773,5.817531755861999,24.94064811544655
1974,2020-08-30,0.2460347592020346,5.817531755861999,24.94064811544655
1975,2020-08-30,0.2239649523799421,5.817531755861999,24.94064811544655
1976,2020-08-30,0.2064614429942843,5.817531755861999,24.94064811544655
1977,2020-08-30,0.2181350363288785,5.817531755861999,24.94064811544655
1978,2020-08-30,0.2279037590047146,5.817531755861999,24.94064811544655
1979,2020-08-30,0.2327921122772926,5.817531755861999,24.94064811544655
1980,2020-08-30,0.2260757891562385,5.817531755861999,24.94064811544655
1981,2020-08-30,0.2129875526834933,5.817531755861999,24.94064811544655
1982,2020-08-30,0.203538911248777,5.817531755861999,24.94064811544655
1983,2020-08-30,0.2105757758930405,5.817531755861999,24.94064811544655
1984,2020-08-30,0.2201757478341652,5.817531755861999,24.94064811544655
1985,2020-08-30,0.2313453413345943,5.817531755861999,24.94064811544655
1986,2020-08-30,0.2341085186294637,5.817531755861999,24.94064811544655
1987,2020-08-30,0.2275691667153576,5.817531755861999,24.94064811544655
1988,2020-08-30,0.2198601993151352,5.817531755861999,24.94064811544655
1989,2020-08-30,0.2133559351487665,5.817531755861999,24.94064811544655
1990,2020-08-30,0.2213735951935341,5.817531755861999,24.94064811544655
1991,2020-08-30,0.2210887053290912,5.817531755861999,24.94064811544655
1992,2020-08-30,0.2307911085937427,5.817531755861999,24.94064811544655
1993,2020-08-30,0.227399555929164,5.817531755861999,24.94064811544655
1994,2020-08-30,0.222822272423615,5.817531755861999,24.94064811544655
1995,2020-08-30,0.2200401617067023,5.817531755861999,24.94064811544655
1996,2020-08-30,0.2161856426499187,5.817531755861999,24.94064811544655
1997,2020-08-30,0.2296243036977253,5.817531755861999,24.94064811544655
1998,2020-08-30,0.2250514507509696,5.817531755861999,24.94064811544655
1999,2020-08-30,0.2236656225120856,5.817531755861999,24.94064811544655
2000,2020-08-30,0.2180739072656342,5.817531755861999,24.94064811544655
2001,2020-08-30,0.2146800713614896,5.817531755861999,24.94064811544655
2002,2020-08-30,0.2073096395032047,5.817531755861999,24.94064811544655
2003,2020-08-30,0.2061572545702898,5.817531755861999,24.94064811544655
2004,2020-08-30,0.2029564023459008,5.817531755861999,24.94064811544655
2005,2020-08-30,0.2087585065052218,5.817531755861999,24.94064811544655
2006,2020-08-30,0.2115176432434058,5.817531755861999,24.94064811544655
2007,2020-08-30,0.2108158462954527,5.817531755861999,24.94064811544655
2008,2020-08-30,0.2232021361998709,5.817531755861999,24.94064811544655
2009,2020-08-30,0.2500256795782477,5.817531755861999,24.94064811544655
2010,2020-08-30,0.2606017242080895,5.817531755861999,24.94064811544655
2011,2020-08-30,0.2525530783459374,5.817531755861999,24.94064811544655
2012,2020-08-30,0.2391463925006495,5.817531755861999,24.94064811544655
2013,2020-08-30,0.2402099396725222,5.817531755861999,24.94064811544655
2014,2020-08-30,0.2131204975237051,5.817531755861999,24.94064811544655
2015,2020-08-30,0.2061357431745752,5.817531755861999,24.94064811544655
2016,2020-08-30,0.1986821053197211,5.817531755861999,24.94064811544655
1860,2020-09-29,0.2971789264747202,8.522677341619701,24.38711920664872
1861,2020-09-29,0.2772277778897469,8.522677341619701,24.38711920664872
1862,2020-09-29,0.3505192722673118,8.522677341619701,24.38711920664872
1863,2020-09-29,0.3600301415815636,8.522677341619701,24.38711920664872
1864,2020-09-29,0.3809353374435702,8.522677341619701,24.38711920664872
1865,2020-09-29,0.3807439036889259,8.522677341619701,24.38711920664872
1866,2020-09-29,0.3898534455567202,8.522677341619701,24.38711920664872
1867,2020-09-29,0.3781218352841566,8.522677341619701,24.38711920664872
1868,2020-09-29,0.3612258498656546,8.522677341619701,24.38711920664872
1869,2020-09-29,0.3312256679179891,8.522677341619701,24.38711920664872
1870,2020-09-29,0.2887270208045926,8.522677341619701,24.38711920664872
1871,2020-09-29,0.2976220462786864,8.522677341619701,24.38711920664872
1872,2020-09-29,0.2773550882850082,8.522677341619701,24.38711920664872
1873,2020-09-29,0.2740841803821999,8.522677341619701,24.38711920664872
1874,2020-09-29,0.2621163077699429,8.522677341619701,24.38711920664872
1875,2020-09-29,0.2556480874814302,8.522677341619701,24.38711920664872
1876,2020-09-29,0.2516108575114814,8.522677341619701,24.38711920664872
1877,2020-09-29,0.2401426030754493,8.522677341619701,24.38711920664872
1878,2020-09-29,0.2377361083611424,8.522677341619701,24.38711920664872
1879,2020-09-29,0.2303760314840054,8.522677341619701,24.38711920664872
1880,2020-09-29,0.2164500580044024,8.522677341619701,24.38711920664872
1881,2020-09-29,0.2064620529827929,8.522677341619701,24.38711920664872
1882,2020-09-29,0.2213802291550165,8.522677341619701,24.38711920664872
1883,2020-09-29,0.2392241522300532,8.522677341619701,24.38711920664872
1884,2020-09-29,0.2296213681313455,8.522677341619701,24.38711920664872
1885,2020-09-29,0.2233755164474816,8.522677341619701,24.38711920664872
1886,2020-09-29,0.2123494462786705,8.522677341619701,24.38711920664872
1887,2020-09-29,0.2161564710193138,8.522677341619701,24.38711920664872
1888,2020-09-29,0.2291274026861737,8.522677341619701,24.38711920664872
1889,2020-09-29,0.2320332305528786,8.522677341619701,24.38711920664872
1890,2020-09-29,0.2400332926376788,8.522677341619701,24.38711920664872
1891,2020-09-29,0.241647606399339,8.522677341619701,24.38711920664872
1892,2020-09-29,0.2492080932119621,8.522677341619701,24.38711920664872
1893,2020-09-29,0.2488888628970031,8.522677341619701,24.38711920664872
1894,2020-09-29,0.2440477254795229,8.522677341619701,24.38711920664872
1895,2020-09-29,0.2481558286884353,8.522677341619701,24.38711920664872
1896,2020-09-29,0.2501869752054406,8.522677341619701,24.38711920664872
1897,2020-09-29,0.2524196020834956,8.522677341619701,24.38711920664872
1898,2020-09-29,0.2593105029817188,8.522677341619701,24.38711920664872
1899,2020-09-29,0.2589742801141153,8.522677341619701,24.38711920664872
1900,2020-09-29,0.2540801160361109,8.522677341619701,24.38711920664872
1901,2020-09-29,0.2522704818776723,8.522677341619701,24.38711920664872
1902,2020-09-29,0.2441877153212482,8.522677341619701,24.38711920664872
1903,2020-09-29,0.2494016925803786,8.522677341619701,24.38711920664872
1904,2020-09-29,0.2550334911856755,8.522677341619701,24.38711920664872
1905,2020-09-29,0.2562266675240885,8.522677341619701,24.38711920664872
1906,2020-09-29,0.2520403484749129,8.522677341619701,24.38711920664872
1907,2020-09-29,0.2482637005335792,8.522677341619701,24.38711920664872
1908,2020-09-29,0.2466763256944329,8.522677341619701,24.38711920664872
1909,2020-09-29,0.2457783465205178,8.522677341619701,24.38711920664872
1910,2020-09-29,0.2458617911077981,8.522677341619701,24.38711920664872
1911,2020-09-29,0.2421451179860783,8.522677341619701,24.38711920664872
1912,2020-09-29,0.2386005946037802,8.522677341619701,24.38711920664872
1913,2020-09-29,0.2230958568591633,8.522677341619701,24.38711920664872
1914,2020-09-29,0.2248682996233556,8.522677341619701,24.38711920664872
1915,2020-09-29,0.2391087284303258,8.522677341619701,24.38711920664872
1916,2020-09-29,0.2387748509451554,8.522677341619701,24.38711920664872
1917,2020-09-29,0.2477949200446028,8.522677341619701,24.38711920664872
1918,2020-09-29,0.253083826402622,8.522677341619701,24.38711920664872
1919,2020-09-29,0.247950099806519,8.522677341619701,24.38711920664872
1920,2020-09-29,0.2415644485563215,8.522677341619701,24.38711920664872
1921,2020-09-29,0.229652567609309,8.522677341619701,24.38711920664872
1922,2020-09-29,0.2326181358451385,8.522677341619701,24.38711920664872
1923,2020-09-29,0.2335581946124928,8.522677341619701,24.38711920664872
1924,2020-09-29,0.2369871714302696,8.522677341619701,24.38711920664872
1925,2020-09-29,0.233586581647634,8.522677341619701,24.38711920664872
1926,2020-09-29,0.2329833100577016,8.522677341619701,24.38711920664872
1927,2020-09-29,0.2301279363779961,8.522677341619701,24.38711920664872
1928,2020-09-29,0.2301496961959879,8.522677341619701,24.38711920664872
1929,2020-09-29,0.2333576481582039,8.522677341619701,24.38711920664872
1930,2020-09-29,0.2356604932749054,8.522677341619701,24.38711920664872
1931,2020-09-29,0.2455230562400009,8.522677341619701,24.38711920664872
1932,2020-09-29,0.2476103829686702,8.522677341619701,24.38711920664872
1933,2020-09-29,0.2524902693419594,8.522677341619701,24.38711920664872
1934,2020-09-29,0.2543270999521193,8.522677341619701,24.38711920664872
1935,2020-09-29,0.2550683884164249,8.522677341619701,24.38711920664872
1936,2020-09-29,0.2624146633842369,8.522677341619701,24.38711920664872
1937,2020-09-29,0.2626308795695517,8.522677341619701,24.38711920664872
1938,2020-09-29,0.2566848025374433,8.522677341619701,24.38711920664872
1939,2020-09-29,0.255012515787629,8.522677341619701,24.38711920664872
1940,2020-09-29,0.2561675185844374,8.522677341619701,24.38711920664872
1941,2020-09-29,0.2511096427990243,8.522677341619701,24.38711920664872
1942,2020-09-29,0.2495655579557265,8.522677341619701,24.38711920664872
1943,2020-09-29,0.2428895507409846,8.522677341619701,24.38711920664872
1944,2020-09-29,0.2489659843550692,8.522677341619701,24.38711920664872
1945,2020-09-29,0.2585591327030152,8.522677341619701,24.38711920664872
1946,2020-09-29,0.2781138783980685,8.522677341619701,24.38711920664872
1947,2020-09-29,0.2810502808664094,8.522677341619701,24.38711920664872
1948,2020-09-29,0.2791636653384219,8.522677341619701,24.38711920664872
1949,2020-09-29,0.2721572824226199,8.522677341619701,24.38711920664872
1950,2020-09-29,0.2783127106566748,8.522677341619701,24.38711920664872
1951,2020-09-29,0.277224451100576,8.522677341619701,24.38711920664872
1952,2020-09-29,0.2882815324970229,8.522677341619701,24.38711920664872
1953,2020-09-29,0.2950330857309484,8.522677341619701,24.38711920664872
1954,2020-09-29,0.3085655063356969,8.522677341619701,24.38711920664872
1955,2020-09-29,0.3224274308273451,8.522677341619701,24.38711920664872
1956,2020-09-29,0.3311940055632337,8.522677341619701,24.38711920664872
1957,2020-09-29,0.3316310036731899,8.522677341619701,24.38711920664872
1958,2020-09-29,0.3353736171584354,8.522677341619701,24.38711920664872
1959,2020-09-29,0.341343363338875,8.522677341619701,24.38711920664872
1960,2020-09-29,0.3393254896762855,8.522677341619701,24.38711920664872
1961,2020-09-29,0.3348376528642314,8.522677341619701,24.38711920664872
1962,2020-09-29,0.3462149818537148,8.522677341619701,24.38711920664872
1963,2020-09-29,0.3376022115993853,8.522677341619701,24.38711920664872
1964,2020-09-29,0.3273160027917619,8.522677341619701,24.38711920664872
1965,2020-09-29,0.3287318284299411,8.522677341619701,24.38711920664872
1966,2020-09-29,0.3338119928216063,8.522677341619701,24.38711920664872
1967,2020-09-29,0.3379501338483844,8.522677341619701,24.38711920664872
1968,2020-09-29,0.3391603611534212,8.522677341619701,24.38711920664872
1969,2020-09-29,0.3302843543525108,8.522677341619701,24.38711920664872
1970,2020-09-29,0.3312304695080194,8.522677341619701,24.38711920664872
1971,2020-09-29,0.329327067419618,8.522677341619701,24.38711920664872
1972,2020-09-29,0.3250804519280158,8.522677341619701,24.38711920664872
1973,2020-09-29,0.3262434884445111,8.522677341619701,24.38711920664872
1974,2020-09-29,0.3320848527048883,8.522677341619701,24.38711920664872
1975,2020-09-29,0.3080152387675484,8.522677341619701,24.38711920664872
1976,2020-09-29,0.2993952579852154,8.522677341619701,24.38711920664872
1977,2020-09-29,0.320058079990884,8.522677341619701,24.38711920664872
1978,2020-09-29,0.3413944522479621,8.522677341619701,24.38711920664872
1979,2020-09-29,0.3394518799969761,8.522677341619701,24.38711920664872
1980,2020-09-29,0.3469364231086029,8.522677341619701,24.38711920664872
1981,2020-09-29,0.3489492204922073,8.522677341619701,24.38711920664872
1982,2020-09-29,0.352063272307778,8.522677341619701,24.38711920664872
1983,2020-09-29,0.3677277327816509,8.522677341619701,24.38711920664872
1984,2020-09-29,0.3784241125156562,8.522677341619701,24.38711920664872
1985,2020-09-29,0.3770961258584708,8.522677341619701,24.38711920664872
1986,2020-09-29,0.3656045377302719,8.522677341619701,24.38711920664872
1987,2020-09-29,0.3736881195040357,8.522677341619701,24.38711920664872
1988,2020-09-29,0.3688034937122992,8.522677341619701,24.38711920664872
1989,2020-09-29,0.3653150564633485,8.522677341619701,24.38711920664872
1990,2020-09-29,0.3713192561616945,8.522677341619701,24.38711920664872
1991,2020-09-29,0.3757118361412668,8.522677341619701,24.38711920664872
1992,2020-09-29,0.3700553616427394,8.522677341619701,24.38711920664872
1993,2020-09-29,0.3624019151991133,8.522677341619701,24.38711920664872
1994,2020-09-29,0.3523367277153303,8.522677341619701,24.38711920664872
1995,2020-09-29,0.3362547964512998,8.522677341619701,24.38711920664872
1996,2020-09-29,0.3189527926432667,8.522677341619701,24.38711920664872
1997,2020-09-29,0.3057572048336489,8.522677341619701,24.38711920664872
1998,2020-09-29,0.2922247747775696,8.522677341619701,24.38711920664872
1999,2020-09-29,0.3021791649161423,8.522677341619701,24.38711920664872
2000,2020-09-29,0.3164941597100827,8.522677341619701,24.38711920664872
2001,2020-09-29,0.3214557921622793,8.522677341619701,24.38711920664872
2002,2020-09-29,0.3199235816887156,8.522677341619701,24.38711920664872
2003,2020-09-29,0.3106783615321118,8.522677341619701,24.38711920664872
2004,2020-09-29,0.3154780527728195,8.522677341619701,24.38711920664872
2005,2020-09-29,0.3237957125579975,8.522677341619701,24.38711920664872
2006,2020-09-29,0.3376234304360909,8.522677341619701,24.38711920664872
2007,2020-09-29,0.3465684841088262,8.522677341619701,24.38711920664872
2008,2020-09-29,0.3386055963431548,8.522677341619701,24.38711920664872
2009,2020-09-29,0.3620732756829969,8.522677341619701,24.38711920664872
2010,2020-09-29,0.4043745590348004,8.522677341619701,24.38711920664872
2011,2020-09-29,0.4009049711555564,8.522677341619701,24.38711920664872
2012,2020-09-29,0.3939220610270096,8.522677341619701,24.38711920664872
2013,2020-09-29,0.3819493881548643,8.522677341619701,24.38711920664872
2014,2020-09-29,0.3906616345561147,8.522677341619701,24.38711920664872
2015,2020-09-29,0.3793880311922505,8.522677341619701,24.38711920664872
2016,2020-09-29,0.3546704992548202,8.522677341619701,24.38711920664872
1860,2020-10-29,0.1706730982963291,0.740862595567918,22.52895670132665
1861,2020-10-29,0.1988430959155471,0.740862595567918,22.52895670132665
1862,2020-10-29,0.2351594049676448,0.740862595567918,22.52895670132665
1863,2020-10-29,0.226688728214097,0.740862595567918,22.52895670132665
1864,2020-10-29,0.2564603460109868,0.740862595567918,22.52895670132665
1865,2020-10-29,0.2578038969963577,0.740862595567918,22.52895670132665
1866,2020-10-29,0.2767496681808019,0.740862595567918,22.52895670132665
1867,2020-10-29,0.2736264256869048,0.740862595567918,22.52895670132665
1868,2020-10-29,0.2790060658761101,0.740862595567918,22.52895670132665
1869,2020-10-29,0.2674800504683443,0.740862595567918,22.52895670132665
1870,2020-10-29,0.2390631848742675,0.740862595567918,22.52895670132665
1871,2020-10-29,0.2620995503019397,0.740862595567918,22.52895670132665
1872,2020-10-29,0.2581243301486471,0.740862595567918,22.52895670132665
1873,2020-10-29,0.2541610225290899,0.740862595567918,22.52895670132665
1874,2020-10-29,0.2560182131201087,0.740862595567918,22.52895670132665
1875,2020-10-29,0.270229927418794,0.740862595567918,22.52895670132665
1876,2020-10-29,0.2665097805819266,0.740862595567918,22.52895670132665
1877,2020-10-29,0.2644177635656703,0.740862595567918,22.52895670132665
1878,2020-10-29,0.2814527618419705,0.740862595567918,22.52895670132665
1879,2020-10-29,0.2662483981979446,0.740862595567918,22.52895670132665
1880,2020-10-29,0.2438154753907551,0.740862595567918,22.52895670132665
1881,2020-10-29,0.2125210664005751,0.740862595567918,22.52895670132665
1882,2020-10-29,0.2558755105807175,0.740862595567918,22.52895670132665
1883,2020-10-29,0.2807797566441117,0.740862595567918,22.52895670132665
1884,2020-10-29,0.2804713369864438,0.740862595567918,22.52895670132665
1885,2020-10-29,0.2738983270729471,0.740862595567918,22.52895670132665
1886,2020-10-29,0.2494208953459768,0.740862595567918,22.52895670132665
1887,2020-10-29,0.2650376682380111,0.740862595567918,22.52895670132665
1888,2020-10-29,0.2973637713755318,0.740862595567918,22.52895670132665
1889,2020-10-29,0.3072172705685155,0.740862595567918,22.52895670132665
1890,2020-10-29,0.3341971174363446,0.740862595567918,22.52895670132665
1891,2020-10-29,0.358774179535601,0.740862595567918,22.52895670132665
1892,2020-10-29,0.3831183670135127,0.740862595567918,22.52895670132665
1893,2020-10-29,0.3811258214607701,0.740862595567918,22.52895670132665
1894,2020-10-29,0.3802417502137805,0.740862595567918,22.52895670132665
1895,2020-10-29,0.3849949180349225,0.740862595567918,22.52895670132665
1896,2020-10-29,0.3848673904265315,0.740862595567918,22.52895670132665
1897,2020-10-29,0.3879454140520972,0.740862595567918,22.52895670132665
1898,2020-10-29,0.3892189151430318,0.740862595567918,22.52895670132665
1899,2020-10-29,0.3903226145731038,0.740862595567918,22.52895670132665
1900,2020-10-29,0.3875462283740825,0.740862595567918,22.52895670132665
1901,2020-10-29,0.3850784790739304,0.740862595567918,22.52895670132665
1902,2020-10-29,0.370019473142568,0.740862595567918,22.52895670132665
1903,2020-10-29,0.3678671446223767,0.740862595567918,22.52895670132665
1904,2020-10-29,0.3682391829735443,0.740862595567918,22.52895670132665
1905,2020-10-29,0.3696091361122855,0.740862595567918,22.52895670132665
1906,2020-10-29,0.3659773009029729,0.740862595567918,22.52895670132665
1907,2020-10-29,0.3653614874038121,0.740862595567918,22.52895670132665
1908,2020-10-29,0.3670562671713845,0.740862595567918,22.52895670132665
1909,2020-10-29,0.3771215795162898,0.740862595567918,22.52895670132665
1910,2020-10-29,0.3720577208422529,0.740862595567918,22.52895670132665
1911,2020-10-29,0.3666112159311382,0.740862595567918,22.52895670132665
1912,2020-10-29,0.3535303960867044,0.740862595567918,22.52895670132665
1913,2020-10-29,0.323682039954892,0.740862595567918,22.52895670132665
1914,2020-10-29,0.3244339397315863,0.740862595567918,22.52895670132665
1915,2020-10-29,0.3414024575459368,0.740862595567918,22.52895670132665
1916,2020-10-29,0.3344496311409631,0.740862595567918,22.52895670132665
1917,2020-10-29,0.3400676811605851,0.740862595567918,22.52895670132665
1918,2020-10-29,0.3445558567058056,0.740862595567918,22.52895670132665
1919,2020-10-29,0.332226099215814,0.740862595567918,22.52895670132665
1920,2020-10-29,0.3233712725921055,0.740862595567918,22.52895670132665
1921,2020-10-29,0.3103047239536635,0.740862595567918,22.52895670132665
1922,2020-10-29,0.3050403706470714,0.740862595567918,22.52895670132665
1923,2020-10-29,0.295456330588456,0.740862595567918,22.52895670132665
1924,2020-10-29,0.2959166406971747,0.740862595567918,22.52895670132665
1925,2020-10-29,0.298737999448783,0.740862595567918,22.52895670132665
1926,2020-10-29,0.2959800027403828,0.740862595567918,22.52895670132665
1927,2020-10-29,0.2937075269373702,0.740862595567918,22.52895670132665
1928,2020-10-29,0.2937124321773718,0.740862595567918,22.52895670132665
1929,2020-10-29,0.2894311229385957,0.740862595567918,22.52895670132665
1930,2020-10-29,0.2867819706930777,0.740862595567918,22.52895670132665
1931,2020-10-29,0.2985490669044071,0.740862595567918,22.52895670132665
1932,2020-10-29,0.3013729372428465,0.740862595567918,22.52895670132665
1933,2020-10-29,0.3048942112859083,0.740862595567918,22.52895670132665
1934,2020-10-29,0.3068292280243298,0.740862595567918,22.52895670132665
1935,2020-10-29,0.3105423144835074,0.740862595567918,22.52895670132665
1936,2020-10-29,0.3196414133419013,0.740862595567918,22.52895670132665
1937,2020-10-29,0.3239647731968109,0.740862595567918,22.52895670132665
1938,2020-10-29,0.3188832934444054,0.740862595567918,22.52895670132665
1939,2020-10-29,0.3121797079171816,0.740862595567918,22.52895670132665
1940,2020-10-29,0.3115043841798351,0.740862595567918,22.52895670132665
1941,2020-10-29,0.3031383412986876,0.740862595567918,22.52895670132665
1942,2020-10-29,0.3025096265815765,0.740862595567918,22.52895670132665
1943,2020-10-29,0.2988974394994216,0.740862595567918,22.52895670132665
1944,2020-10-29,0.3071072966968625,0.740862595567918,22.52895670132665
1945,2020-10-29,0.3267657661312781,0.740862595567918,22.52895670132665
1946,2020-10-29,0.3387603842797721,0.740862595567918,22.52895670132665
1947,2020-10-29,0.3347648082260276,0.740862595567918,22.52895670132665
1948,2020-10-29,0.3264519763654925,0.740862595567918,22.52895670132665
1949,2020-10-29,0.3219270343640076,0.740862595567918,22.52895670132665
1950,2020-10-29,0.3407973773644618,0.740862595567918,22.52895670132665
1951,2020-10-29,0.3425848160096163,0.740862595567918,22.52895670132665
1952,2020-10-29,0.3454710918282963,0.740862595567918,22.52895670132665
1953,2020-10-29,0.3480872453633639,0.740862595567918,22.52895670132665
1954,2020-10-29,0.3587199255153823,0.740862595567918,22.52895670132665
1955,2020-10-29,0.3690035570845911,0.740862595567918,22.52895670132665
1956,2020-10-29,0.3739248800176303,0.740862595567918,22.52895670132665
1957,2020-10-29,0.3815014798347028,0.740862595567918,22.52895670132665
1958,2020-10-29,0.3859180542091051,0.740862595567918,22.52895670132665
1959,2020-10-29,0.3845169035043999,0.740862595567918,22.52895670132665
1960,2020-10-29,0.3937406803722336,0.740862595567918,22.52895670132665
1961,2020-10-29,0.3887078571999963,0.740862595567918,22.52895670132665
1962,2020-10-29,0.398426974382284,0.740862595567918,22.52895670132665
1963,2020-10-29,0.4070579823112927,0.740862595567918,22.52895670132665
1964,2020-10-29,0.4162736116179739,0.740862595567918,22.52895670132665
1965,2020-10-29,0.4218573942581916,0.740862595567918,22.52895670132665
1966,2020-10-29,0.43415491174563,0.740862595567918,22.52895670132665
1967,2020-10-29,0.4480986274433166,0.740862595567918,22.52895670132665
1968,2020-10-29,0.4600556904383948,0.740862595567918,22.52895670132665
1969,2020-10-29,0.4537968236407462,0.740862595567918,22.52895670132665
1970,2020-10-29,0.4569352268519618,0.740862595567918,22.52895670132665
1971,2020-10-29,0.4499695764577872,0.740862595567918,22.52895670132665
1972,2020-10-29,0.448480515575577,0.740862595567918,22.52895670132665
1973,2020-10-29,0.4398884504238127,0.740862595567918,22.52895670132665
1974,2020-10-29,0.4332303149438382,0.740862595567918,22.52895670132665
1975,2020-10-29,0.4027460315467625,0.740862595567918,22.52895670132665
1976,2020-10-29,0.3887830110759312,0.740862595567918,22.52895670132665
1977,2020-10-29,0.4087058472901297,0.740862595567918,22.52895670132665
1978,2020-10-29,0.4399133906849609,0.740862595567918,22.52895670132665
1979,2020-10-29,0.4515574740372808,0.740862595567918,22.52895670132665
1980,2020-10-29,0.4724167195016535,0.740862595567918,22.52895670132665
1981,2020-10-29,0.4759819571715898,0.740862595567918,22.52895670132665
1982,2020-10-29,0.460996385908813,0.740862595567918,22.52895670132665
1983,2020-10-29,0.457678682673242,0.740862595567918,22.52895670132665
1984,2020-10-29,0.4627428507552097,0.740862595567918,22.52895670132665
1985,2020-10-29,0.4661528758464869,0.740862595567918,22.52895670132665
1986,2020-10-29,0.4658359488473167,0.740862595567918,22.52895670132665
1987,2020-10-29,0.4627644698900661,0.740862595567918,22.52895670132665
1988,2020-10-29,0.4672999772017929,0.740862595567918,22.52895670132665
1989,2020-10-29,0.4696906858567575,0.740862595567918,22.52895670132665
1990,2020-10-29,0.4812678889795663,0.740862595567918,22.52895670132665
1991,2020-10-29,0.4696411246930985,0.740862595567918,22.52895670132665
1992,2020-10-29,0.4659076047914393,0.740862595567918,22.52895670132665
1993,2020-10-29,0.4739377170678486,0.740862595567918,22.52895670132665
1994,2020-10-29,0.4901087168893456,0.740862595567918,22.52895670132665
1995,2020-10-29,0.4854965419252349,0.740862595567918,22.52895670132665
1996,2020-10-29,0.4671084565693268,0.740862595567918,22.52895670132665
1997,2020-10-29,0.4637601213859958,0.740862595567918,22.52895670132665
1998,2020-10-29,0.4671137213646792,0.740862595567918,22.52895670132665
1999,2020-10-29,0.5005140451716006,0.740862595567918,22.52895670132665
2000,2020-10-29,0.5175049763554407,0.740862595567918,22.52895670132665
2001,2020-10-29,0.5156217593935,0.740862595567918,22.52895670132665
2002,2020-10-29,0.513238962046868,0.740862595567918,22.52895670132665
2003,2020-10-29,0.5267076930706777,0.740862595567918,22.52895670132665
2004,2020-10-29,0.5330124597174528,0.740862595567918,22.52895670132665
2005,2020-10-29,0.5596982853992337,0.740862595567918,22.52895670132665
2006,2020-10-29,0.5441291552797126,0.740862595567918,22.52895670132665
2007,2020-10-29,0.53291093530365,0.740862595567918,22.52895670132665
2008,2020-10-29,0.531240416409092,0.740862595567918,22.52895670132665
2009,2020-10-29,0.5373332241474192,0.740862595567918,22.52895670132665
2010,2020-10-29,0.5601482859456299,0.740862595567918,22.52895670132665
2011,2020-10-29,0.5840739001354454,0.740862595567918,22.52895670132665
2012,2020-10-29,0.5858379330166467,0.740862595567918,22.52895670132665
2013,2020-10-29,0.5754389244551361,0.740862595567918,22.52895670132665
2014,2020-10-29,0.5796302457026442,0.740862595567918,22.52895670132665
2015,2020-10-29,0.5525554383769962,0.740862595567918,22.52895670132665
2016,2020-10-29,0.4685406299685314,0.740862595567918,22.52895670132665
